BR1,BR2,BR3,BATH2,BATH1,DINING,KITCHEN,LIVING,HALL,CADR
86.88275776529521,89.74168786183947,94.39674370640441,87.74431061610566,73.19488923065111,113.6505269115774,113.6505269115774,96.42739470927083,90.40929874320909,0.0
84.65572791350469,87.0789516806632,91.47617746656762,86.61727121016462,66.52254774588879,110.45094876342017,110.45094876342017,27.977515017258845,80.09385881617489,100.0
84.27783011567413,86.62712022104836,90.98059562050861,86.4260273915507,65.39033875609663,109.90802224734904,109.90802224734904,16.362466528315263,78.34346371227278,200.0
84.12165589631988,86.44039134081746,90.77578596144606,86.34699189138338,64.92242942749978,109.6836463910886,109.6836463910886,11.562301415463955,77.62007585693819,300.0
84.0363292771768,86.33837105568045,90.66388716661264,86.30381035999069,64.6667849166815,109.56105752982255,109.56105752982255,8.939709061974105,77.22484948392231,400.0
83.98255439427489,86.27407532943579,90.59336571411647,86.27659648627586,64.50567096667993,109.48379886441805,109.48379886441805,7.286879442522485,76.97576719263402,500.0
