BR1,BR2,BR3,BATH2,BATH1,DINING,KITCHEN,LIVING,HALL,eta
412.67184704898744,410.80167247748307,410.2337709781981,418.8622708607614,385.79927479537855,412.20399472233004,412.20399472233004,51.155023037686604,368.945678751937,0.0
339.66069317658304,338.7213875454765,339.2431074249496,344.9699863414956,314.4933089432811,344.9772504681894,344.9772504681894,42.35664044869844,304.20665569317026,0.2
266.64953974841933,266.64110297575746,268.25244420416476,271.07770230072197,243.1873434232272,277.7505064920766,277.7505064920766,33.55825786941982,239.46763293331966,0.4
193.638386772723,194.56081882492276,197.26178137478465,197.18541873676983,171.8813782807791,210.52376284039238,210.52376284039238,24.75987530148416,174.7286105115566,0.6000000000000001
120.62723260878526,122.4805336169462,126.27111756279884,123.29313391158742,100.5754121804867,143.29701837204706,143.29701837204706,15.961492704913454,109.98958723079039,0.8
47.61607904503811,50.400248942810734,55.280454247002375,49.40084972348963,29.26944656390912,76.07027431609956,76.07027431609956,7.163110122800081,45.25056438382845,1.0
